system_time_ns,unity_realtime_s,pos_mm_x,pos_mm_y,pos_mm_z,rot_q_x,rot_q_y,rot_q_z,rot_q_w,joint_rad_0,joint_rad_1,joint_rad_2,gimbal_rad_0,gimbal_rad_1,gimbal_rad_2,force_N_x,force_N_y,force_N_z,is_holding,held_ring_id,event_code,fps,dt_frame_s
27014200,152.1604737,0,0,0,0,0,0,1,-0.142686009,0.3313176,1.30395734,-0.481834859,-1.33760071,0.5792117,0,0,0,0,-1,0,0,0
66799900,152.20025940000005,-44.29176,-24.8216152,3.92162943,0.0284572188,-0.0192598887,0.05791521,0.99773,-0.251653731,0.5434915,0.4983562,-0.155850649,-0.147438809,0.08831789,0,0,0,0,-1,0,25.1346588,0.0397857
79581400,152.21304110000005,-44.327404,-24.74361,4.060261,-0.171594158,-0.0424199849,-0.002900059,0.9842498,-0.251653731,0.5434915,0.499578655,-0.157129019,-0.14871718,0.08831789,0,0,0,0,-1,0,27.78983,0.012781500000000001
108352400,152.24181199999998,-44.35115,-24.69151,4.15263033,-0.171495959,-0.0418496355,-0.00318692322,0.9842904,-0.251653731,0.5434915,0.5003936,-0.159685761,-0.1512739,0.092153,0,0,0,0,-1,0,28.1381989,0.028771
